{
  "$schema": "https://raw.githubusercontent.com/Microsoft/azure-pipelines-task-lib/master/tasks.schema.json",
  "id": "580d736d-a96a-45a8-b13b-41c0d9684013",
  "name": "myapp",
  "friendlyName": "myapp",
  "description": "Azure DevOps Extension for the myapp utility",
  "helpMarkDown": "[Learn more about this task](https://github.com/myid/myapp-azx/README.md)",
  "category": "Utility",
  "visibility": [
    "Build",
    "Release"
  ],
  "author": "Myname Mysurname",
  "version": {
    "Major": 0,
    "Minor": 0,
    "Patch": 1
  },
  "instanceNameFormat": "Execute myapp",
  "minimumAgentVersion": "2.105.0",
  "inputs": [
    {
      "name": "escapeMode",
      "type": "pickList",
      "defaultValue": "none",
      "label": "Escape mode",
      "required": false,
      "helpMarkDown": "Specify how to escape special characters in the variable values.",
      "options": {
        "none": "none",
        "quotes": "quotes",
        "xml": "xml",
        "html": "html"
      }
    }
  ],
  "execution": {
    "Node10": {
      "target": "main.js"
    }
  }
}